{
  "tempo": 408,
  "pattern_mode": 0,
  "pattern": 1,
  "mode": 0,
  "scale": "ionian",
  "loop_mode": 0,
  "solo": {
    "on": true,
    "inst": "subpulse",
    "fav": ["blade", "chipbass", "sine", "subpulse", "pretty_bell"],
    "fav_all": true,
    "fx": [["reverb", 0.9, 0.5], ["none", 0.9, 0.5]],
    "adsr": [1.564, 0.94, 2.992, 0.45, 5.712, 0.49, 6.8, 0.0]
  },
  "bass": {
    "count": 16,
    "tempo_factor": 1,
    "auto": true,
    "on": true,
    "amp": 0.8500000238418579,
    "synth": "fm",
    "fav": ["fm", "dtri", "rhodey"],
    "fav_all": true,
    "fx": [["reverb", [1.0, 1.0], [0.6000000238418579, 0.6000000238418579]], ["none", 0.9, 0.5]],
    "tonics": [],
    "pattern": [],
    "adsr": [0.3199999928474426, 1.0, 0.49000000953674316, 0.6800000071525574, 0.800000011920929, 0.699999988079071, 1.0, 0.0]
  },
  "chord": {
    "count": 16,
    "tempo_factor": 1,
    "auto": true,
    "on": false,
    "amp": 0.5,
    "type": 1,
    "synth": "piano",
    "fav": [],
    "fav_all": false,
    "fx": [["reverb", 0.8, 0.5], ["none", 0.9, 0.5]],
    "tonics": [],
    "pattern": [],
    "adsr": [0.0, 1.0, 0.1, 0.9, 0.2, 0.9, 1.0, 0.0]
  },
  "drums": {
    "count": 16,
    "tempo_factor": 1,
    "auto": true,
    "cymbal": {
      "on": false,
      "amp": 0.8100000023841858,
      "sample": "ambi_glass_rub",
      "fav": [],
      "fx": [["reverb", 0.8, 0.5], ["none", 0.9, 0.5]],
      "range": [0, 1],
      "random": false,
      "reverse": false,
      "pitch_shift": 0,
      "beats": "0000000000000000",
      "adsr": [0.0, 1.0, 0.1, 0.9, 0.2, 0.9, 1.0, 0.0]
    },
    "snare": {
      "on": true,
      "amp": 0.8600000143051147,
      "sample": "bd_tek",
      "fav": [],
      "fx": [["reverb", 0.8, 0.5], ["none", 0.9, 0.5]],
      "range": [0, 1],
      "random": false,
      "reverse": false,
      "pitch_shift": 0,
      "beats": "0000000000000000",
      "adsr": [0.0, 1.0, 0.1, 0.9, 0.2, 0.9, 1.0, 0.0]
    },
    "kick": {
      "on": true,
      "amp": 0.8600000143051147,
      "sample": "drum_tom_mid_hard",
      "fav": [],
      "fx": [["reverb", 0.8, 0.5], ["none", 0.9, 0.5]],
      "range": [0, 1],
      "random": false,
      "reverse": false,
      "pitch_shift": 0,
      "beats": "0000000000000000",
      "adsr": [0.2800000011920929, 1.0, 0.49000000953674316, 0.5, 0.7900000214576721, 0.5099999904632568, 1.0, 0.0]
    }
  }
}