{
  "tempo": 376,
  "pattern_mode": 0,
  "pattern": 1,
  "mode": 0,
  "scale": "ionian",
  "loop_mode": 0,
  "solo": {
    "on": true,
    "inst": "rhodey",
    "fav": [],
    "fav_all": false,
    "fx": [["none", [1.8600000143051147, 4.0], [0.5, 1.8899999856948853]], ["none", [0.949999988079071, 4.0], [0.5, 4.0]]],
    "adsr": [0.0, 1.0, 0.1, 0.9, 0.2, 0.9, 1.0, 0.0],
    "animate": true
  },
  "bass": {
    "count": 64,
    "tempo_factor": 1,
    "auto": true,
    "on": true,
    "amp": 0.20999999344348907,
    "synth": "pulse",
    "fav": [],
    "fav_all": false,
    "fx": [["octaver", [2.0, 2.0], [0.46000000834465027, 0.46000000834465027]], ["none", [2.0, 2.0], [1.0, 1.0]]],
    "tonics": [59, 59, 59, 59, 59, 59, 59, 59, 59, 59, 59, 59, 59, 59, 60, 60, 60, 60, 60, 60, 60, 60, 60, 60, 60, 60, 60, 60],
    "pattern": [1, 3, 6, 8, 10, 13, 15, 17, 19, 22, 24, 26, 29, 31, 33, 35, 38, 40, 42, 45, 47, 49, 51, 54, 56, 58, 61, 63],
    "adsr": [0.0, 1.0, 0.20000000298023224, 0.8100000023841858, 0.6100000143051147, 0.8100000023841858, 0.7699999809265137, 0.0],
    "animate": true
  },
  "chord": {
    "count": 16,
    "tempo_factor": 1,
    "auto": true,
    "on": true,
    "amp": 0.5,
    "type": 1,
    "synth": "piano",
    "fav": [],
    "fav_all": false,
    "fx": [["reverb", 0.8, 0.5], ["none", 0.9, 0.5]],
    "tonics": [],
    "pattern": [],
    "adsr": [0.0, 1.0, 0.1, 0.9, 0.2, 0.9, 1.0, 0.0],
    "animate": true
  },
  "drums": {
    "count": 64,
    "tempo_factor": 1,
    "auto": true,
    "cymbal": {
      "on": true,
      "amp": 0.6100000143051147,
      "sample": "bd_tek",
      "fav": [],
      "fx": [["reverb", 0.8, 0.5], ["none", 0.9, 0.5]],
      "range": [0, 1],
      "random": false,
      "reverse": false,
      "pitch_shift": 0,
      "beats": "1010010101001010101001010100101010100101010010101010010101001010",
      "adsr": [0.0, 1.0, 0.1, 0.9, 0.2, 0.9, 1.0, 0.0],
      "animate": true
    },
    "snare": {
      "on": true,
      "amp": 1.0,
      "sample": "elec_soft_kick",
      "fav": [],
      "fx": [["reverb", 0.8, 0.5], ["none", [2.2200000286102295, 3.9100000858306885], [2.509999990463257, 3.940000057220459]]],
      "range": [0, 1],
      "random": false,
      "reverse": false,
      "pitch_shift": 9,
      "beats": "0010001000100010001000100010001000100010001000100010001000100010",
      "adsr": [0.0, 1.0, 0.18000000715255737, 0.8500000238418579, 0.7300000190734863, 0.8299999833106995, 1.0, 0.0],
      "animate": true
    },
    "kick": {
      "on": true,
      "amp": 1.0,
      "sample": "elec_soft_kick",
      "fav": [],
      "fx": [["reverb", 0.8, 0.5], ["tremolo", [2.75, 4.0], [2.3499999046325684, 3.7799999713897705]]],
      "range": [0, 1],
      "random": false,
      "reverse": false,
      "pitch_shift": -4,
      "beats": "1000010101010100100001010101010010000101010101001000010101010100",
      "adsr": [0.0, 1.0, 0.1, 0.9, 0.2, 0.9, 1.0, 0.0],
      "animate": true
    }
  }
}