{
  "tempo": 380,
  "pattern_mode": 0,
  "pattern": 1,
  "mode": 0,
  "scale": "ionian",
  "loop_mode": 0,
  "solo": {
    "on": true,
    "inst": "rhodey",
    "fav": [],
    "fav_all": false,
    "fx": [      [        "none",        [          1.8600000143051147,          4.0],        [          0.5,          1.8899999856948853]],      [        "none",        [          0.949999988079071,          4.0],        [          0.5,          4.0]]],
    "adsr": [      0.0,      1.0,      0.1,      0.9,      0.2,      0.9,      1.0,      0.0]
  },
  "bass": {
    "count": 16,
    "tempo_factor": 1,
    "on": true,
    "amp": 0.3799999952316284,
    "synth": "pulse",
    "fav": [],
    "fav_all": false,
    "fx": [      [        "octaver",        [          1.0,          3.0],        [          0.46000000834465027,          0.46000000834465027]],      [        "echo",        [          0.4300000071525574,          0.4300000071525574],        [          1.0,          1.0]]],
    "tonics": [],
    "pattern": [],
    "adsr": [      0.0,      1.0,      0.20000000298023224,      0.8100000023841858,      0.6100000143051147,      0.8100000023841858,      1.0,      0.05999999865889549]
  },
  "chord": {
    "count": 16,
    "tempo_factor": 1,
    "on": false,
    "amp": 0.5,
    "type": 1,
    "synth": "piano",
    "fav": [],
    "fav_all": false,
    "fx": [      [        "reverb",        0.8,        0.5],      [        "none",        0.9,        0.5]],
    "tonics": [],
    "pattern": [],
    "adsr": [      0.0,      1.0,      0.1,      0.9,      0.2,      0.9,      1.0,      0.0]
  },
  "drums": {
    "count": 16,
    "tempo_factor": 1,
    "cymbal": {
      "on": true,
      "amp": 1.0,
      "sample": "bd_tek",
      "fav": [],
      "fx": [        [          "reverb",          0.8,          0.5],        [          "none",          0.9,          0.5]],
      "range": [        0,        1],
      "random": false,
      "reverse": false,
      "pitch_shift": 8,
      "beats": "0000000000000000",
      "adsr": [        0.0,        1.0,        0.1,        0.9,        0.2,        0.9,        1.0,        0.0]
    },
    "snare": {
      "on": true,
      "amp": 1.0,
      "sample": "drum_cymbal_closed",
      "fav": [],
      "fx": [        [          "reverb",          0.8,          0.5],        [          "tremolo",          [            2.2200000286102295,            3.9100000858306885],          [            2.509999990463257,            3.940000057220459]]],
      "range": [        0,        1],
      "random": false,
      "reverse": false,
      "pitch_shift": 12,
      "beats": "0000000000000000",
      "adsr": [        0.0,        1.0,        0.10999999940395355,        0.8999999761581421,        0.20999999344348907,        0.8999999761581421,        1.0,        0.0]
    },
    "kick": {
      "on": true,
      "amp": 0.9700000286102295,
      "sample": "hat_mess",
      "fav": [],
      "fx": [        [          "reverb",          0.8,          0.5],        [          "tremolo",          [            2.75,            4.0],          [            2.3499999046325684,            3.7799999713897705]]],
      "range": [        0,        1],
      "random": false,
      "reverse": false,
      "pitch_shift": 12,
      "beats": "0000000000000000",
      "adsr": [        0.0,        1.0,        0.1,        0.9,        0.2,        0.9,        1.0,        0.0]
    }
  }
}