{
  "tempo": 130,
  "pattern_mode": 0,
  "pattern": 1,
  "mode": 0,
  "scale": "ionian",
  "loop_mode": 0,
  "solo": {
    "on": true,
    "inst": "fm",
    "fav": [    ],
    "fav_all": false,
    "fx": [      [        "reverb",        0.9,        0.5      ],      [        "none",        0.9,        0.5      ]    ]
  },
  "bass": {
    "count": 32,
    "tempo_factor": 1,
    "on": false,
    "amp": 0.6100000143051147,
    "synth": "fm",
    "fav": [    ],
    "fav_all": false,
    "fx": [      [        "reverb",        [          1.0,          1.0        ],        [          0.6000000238418579,          0.6000000238418579        ]      ],      [        "none",        0.9,        0.5      ]    ],
    "tonics": [      59,      52,      59,      52,      59,      66,      57,      64,      62,      61,      59,      52,      59,      52,      59,      66,      62,      59,      57,      64,      62,      61    ],
    "pattern": [      1,      2,      5,      6,      9,      10,      13,      14,      15,      16,      17,      18,      21,      22,      25,      26,      27,      28,      29,      30,      31,      32    ]
  },
  "chord": {
    "count": 32,
    "tempo_factor": 1,
    "on": false,
    "amp": 0.0,
    "type": 1,
    "synth": "piano",
    "fav": [    ],
    "fav_all": false,
    "fx": [      [        "reverb",        0.8,        0.5      ],      [        "none",        0.9,        0.5      ]    ],
    "tonics": [    ],
    "pattern": [    ]
  },
  "drums": {
    "count": 32,
    "tempo_factor": 1,
    "cymbal": {
      "on": false,
      "amp": 0.2199999988079071,
      "sample": "ambi_glass_rub",
      "fav": [      ],
      "fx": [        [          "reverb",          0.8,          0.5        ],        [          "none",          0.9,          0.5        ]      ],
      "range": [        0,        1      ],
      "random": false,
      "reverse": false,
      "pitch_shift": -2,
      "beats": "00010000000100000010000000100000"
    },
    "snare": {
      "on": false,
      "amp": 0.33000001311302185,
      "sample": "ambi_glass_hum",
      "fav": [      ],
      "fx": [        [          "reverb",          0.8,          0.5        ],        [          "none",          0.9,          0.5        ]      ],
      "range": [        0,        1      ],
      "random": false,
      "reverse": false,
      "pitch_shift": 7,
      "beats": "10000000100000001000000010000000"
    },
    "kick": {
      "on": false,
      "amp": 0.3499999940395355,
      "sample": "arovane_beat_e",
      "fav": [        "arovane_beat_c",        "arovane_beat_a",        "arovane_beat_b",        "arovane_beat_d",        "arovane_beat_e"      ],
      "fx": [        [          "reverb",          0.8,          0.5        ],        [          "none",          0.9,          0.5        ]      ],
      "range": [        0,        1      ],
      "random": false,
      "reverse": false,
      "pitch_shift": -12,
      "beats": "00000000000000000010000000000000"
    }
  }
}