{
  "tempo": 130,
  "pattern_mode": 0,
  "pattern": 1,
  "mode": 0,
  "scale": "ionian",
  "loop_mode": 0,
  "solo": {
    "on": true,
    "inst": "piano",
    "fav": [    ],
    "fav_all": false,
    "fx": [      [        "reverb",        0.9,        0.5      ],      [        "none",        0.9,        0.5      ]    ]
  },
  "bass": {
    "count": 32,
    "tempo_factor": 1,
    "on": false,
    "amp": 0.36000001430511475,
    "synth": "fm",
    "fav": [    ],
    "fav_all": false,
    "fx": [      [        "reverb",        [          1.0,          1.0        ],        [          0.6000000238418579,          0.6000000238418579        ]      ],      [        "none",        0.9,        0.5      ]    ],
    "tonics": [      59,      66,      57,      64,      62,      61,      59,      52,      59,      52,      59,      66,      62,      59,      57,      64,      62,      61,      59,      52,      59,      52    ],
    "pattern": [      1,      2,      5,      6,      7,      8,      9,      10,      13,      14,      17,      18,      19,      20,      21,      22,      23,      24,      25,      26,      29,      30    ]
  },
  "chord": {
    "count": 32,
    "tempo_factor": 1,
    "on": false,
    "amp": 0.0,
    "type": 1,
    "synth": "piano",
    "fav": [    ],
    "fav_all": false,
    "fx": [      [        "reverb",        0.8,        0.5      ],      [        "none",        0.9,        0.5      ]    ],
    "tonics": [    ],
    "pattern": [    ]
  },
  "drums": {
    "count": 32,
    "tempo_factor": 1,
    "cymbal": {
      "on": false,
      "amp": 0.38999998569488525,
      "sample": "ambi_glass_rub",
      "fav": [      ],
      "fx": [        [          "reverb",          0.8,          0.5        ],        [          "none",          0.9,          0.5        ]      ],
      "range": [        0,        1      ],
      "random": false,
      "reverse": false,
      "pitch_shift": -14,
      "beats": "00001000000000000000100000000000"
    },
    "snare": {
      "on": false,
      "amp": 0.38999998569488525,
      "sample": "ambi_glass_hum",
      "fav": [      ],
      "fx": [        [          "reverb",          0.8,          0.5        ],        [          "none",          0.9,          0.5        ]      ],
      "range": [        0,        1      ],
      "random": false,
      "reverse": false,
      "pitch_shift": 7,
      "beats": "10000000100000001000000010000000"
    },
    "kick": {
      "on": false,
      "amp": 0.4000000059604645,
      "sample": "arovane_beat_e",
      "fav": [        "arovane_beat_c",        "arovane_beat_a",        "arovane_beat_b",        "arovane_beat_d",        "arovane_beat_e"      ],
      "fx": [        [          "reverb",          0.8,          0.5        ],        [          "none",          0.9,          0.5        ]      ],
      "range": [        0,        1      ],
      "random": false,
      "reverse": false,
      "pitch_shift": -12,
      "beats": "10000000000000000000000000000000"
    }
  }
}