{
  "tempo": 60,
  "pattern_mode": 0,
  "pattern": 1,
  "mode": 0,
  "scale": "phrygian",
  "loop_mode": 0,
  "bass": {
    "count": 28,
    "tempo_factor": 1,
    "on": true,
    "amp": 0.5,
    "synth": "fm",
    "tonics": [      44,      39,      47,      46,      46,      39,      46,      44    ],
    "pattern": [      2,      4,      9,      11,      16,      18,      23,      26    ]
  },
  "chord": {
    "count": 28,
    "tempo_factor": 1,
    "on": true,
    "amp": 0.6299999952316284,
    "type": 1,
    "synth": "piano",
    "tonics": [      75,      80,      83,      75,      82,      87,      75,      82,      85,      75,      83    ],
    "pattern": [      1,      2,      3,      8,      9,      10,      15,      16,      17,      22,      24    ]
  },
  "drums": {
    "count": 28,
    "tempo_factor": 1,
    "cymbal": {
      "on": true,
      "amp": 0.5,
      "sample": "drum_cymbal_closed",
      "beats": "0101111001010001011000000000"
    },
    "snare": {
      "on": true,
      "amp": 0.5,
      "sample": "drum_snare_soft",
      "beats": "0000000000000000000000000000"
    },
    "kick": {
      "on": true,
      "amp": 0.9700000286102295,
      "sample": "bd_tek",
      "beats": "1010000110100010100110101010"
    }
  }
}